Patient_ID,Age,BMI,Chronic_Conditions,Annual_Visits,Medication_Adherence,Monthly_Healthcare_Spend,Readmission_Risk,Total_Annual_Spend,Gender,Smoking_Status,Region,Insurance_Type,Physical_Activity,Diet_Type
1,69,23.1,2,2,0.82,191.52,0.27,2528.06,Female,Former smoker,West,Self-pay,Moderate,Standard
2,32,25.4,2,4,0.8,846.44,0.18,11173.01,Male,Current smoker,West,Medicare,Low,Diabetic
3,89,31.1,1,5,0.7,858.94,0.79,10822.64,Female,Non-smoker,West,Self-pay,Moderate,Keto
4,78,20.8,3,6,0.68,795.44,0.47,10977.07,Male,Former smoker,West,Self-pay,Moderate,Diabetic
5,38,28.1,0,3,0.67,647.28,0.7,7767.36,Male,Non-smoker,West,Self-pay,High,Diabetic
6,41,33.5,1,4,0.81,1098.63,0.33,13842.74,Male,Former smoker,South,Medicare,Low,Keto
7,20,19,1,2,0.72,1111.01,0.73,13998.73,Female,Current smoker,East,Medicare,High,Vegetarian
8,39,27.9,3,4,0.92,249.21,0.19,3439.1,Female,Former smoker,East,Medicare,High,Diabetic
9,70,28.3,0,0,0.83,600.51,0.38,7206.12,Female,Former smoker,South,Self-pay,Moderate,Diabetic
10,19,30.9,4,6,0.53,763.82,0.88,10999.01,Female,Non-smoker,West,Medicare,Low,Vegetarian
11,47,20.8,4,3,0.82,1037.13,0.74,14934.67,Female,Non-smoker,South,Self-pay,Moderate,Keto
12,55,20.4,1,2,0.64,808.71,0.5,10189.75,Male,Former smoker,East,Private,Low,Standard
13,19,29.6,0,3,0.8,629.1,0.37,7549.2,Male,Current smoker,North,Self-pay,High,Vegetarian
14,81,28.5,1,2,0.84,977.38,0.8,12314.99,Male,Current smoker,South,Medicaid,Low,Standard
15,77,28.3,2,4,0.62,747.17,0.54,9862.64,Male,Non-smoker,West,Medicare,Moderate,Standard
16,38,28.7,1,4,0.73,770.65,0.71,9710.19,Female,Current smoker,East,Medicare,Moderate,Vegetarian
17,50,23.6,1,7,0.6,793.21,0.7,9994.45,Female,Non-smoker,East,Medicaid,Moderate,Diabetic
18,75,28.2,4,5,0.53,943.58,0.11,13587.55,Male,Current smoker,East,Self-pay,Low,Standard
19,39,28.5,4,1,0.69,722.86,0.2,10409.18,Female,Former smoker,East,Private,High,Standard
20,66,23.4,4,4,0.68,971.74,0.63,13993.06,Female,Non-smoker,West,Medicaid,High,Keto
21,76,36.3,2,3,1,781.73,0.23,10318.84,Male,Non-smoker,North,Medicaid,Low,Diabetic
22,59,29.4,4,0,0.72,533.25,0.3,7678.8,Male,Former smoker,East,Self-pay,Moderate,Standard
23,77,21,0,5,0.67,790.81,0.86,9489.72,Female,Non-smoker,South,Medicare,High,Keto
24,32,30.3,3,8,0.79,546.2,0.55,7537.56,Female,Current smoker,North,Self-pay,Moderate,Diabetic
25,79,22.1,0,7,0.54,810.25,0.7,9723,Male,Current smoker,East,Medicaid,Low,Vegetarian
26,79,30.9,0,5,0.98,1007.37,0.55,12088.44,Male,Non-smoker,North,Medicaid,Moderate,Vegetarian
27,64,32.8,4,4,0.82,531.59,0.54,7654.9,Male,Current smoker,South,Medicare,High,Keto
28,79,22.9,3,1,0.88,891.07,0.18,12296.77,Female,Non-smoker,East,Medicare,High,Vegetarian
29,68,31.8,3,4,0.59,592.74,0.37,8179.81,Male,Former smoker,South,Medicare,Moderate,Standard
30,72,29.1,3,7,0.7,850.43,0.33,11735.93,Male,Non-smoker,West,Self-pay,Low,Diabetic
31,81,31.1,2,4,0.71,1015.05,0.41,13398.66,Female,Former smoker,East,Medicare,Moderate,Standard
32,20,36.5,4,5,0.91,267.62,0.74,3853.73,Female,Current smoker,East,Medicaid,Low,Standard
33,68,25.8,3,7,0.5,521.38,0.4,7195.04,Female,Former smoker,East,Medicaid,Moderate,Vegetarian
34,24,23.2,2,5,0.65,707.76,0.46,9342.43,Female,Current smoker,East,Private,High,Standard
35,38,22.6,1,3,0.99,878.76,0.42,11072.38,Female,Non-smoker,West,Self-pay,Low,Vegetarian
36,56,22.9,1,6,0.74,758.4,0.17,9555.84,Male,Current smoker,East,Private,Low,Diabetic
37,35,26.6,2,5,0.69,788.53,0.45,10408.6,Male,Non-smoker,North,Medicaid,Low,Diabetic
38,21,28.7,2,4,0.56,1310.75,0.26,17301.9,Female,Non-smoker,East,Private,High,Standard
39,77,28.4,4,5,0.99,496.89,0.25,7155.22,Female,Former smoker,West,Medicaid,Moderate,Keto
40,31,31.1,4,2,0.51,1083.87,0.18,15607.73,Female,Former smoker,East,Private,High,Vegetarian
41,26,27.1,1,7,0.87,712.51,0.39,8977.63,Female,Former smoker,North,Medicare,Low,Vegetarian
42,70,34.3,3,4,0.88,937.37,0.71,12935.71,Female,Former smoker,West,Private,Moderate,Standard
43,19,25.7,1,3,0.62,1332.24,0.32,16786.22,Male,Current smoker,West,Medicare,High,Vegetarian
44,77,40.6,3,3,0.84,972.17,0.35,13415.95,Male,Current smoker,North,Medicare,Low,Vegetarian
45,88,30.1,3,3,0.55,893.12,0.61,12325.06,Male,Current smoker,North,Self-pay,Low,Keto
46,61,22.7,4,1,0.63,1199.78,0.26,17276.83,Male,Non-smoker,North,Medicare,High,Keto
47,25,21.6,0,4,0.89,1081.2,0.82,12974.4,Female,Current smoker,North,Medicare,High,Standard
48,64,29.4,0,3,0.93,600.15,0.52,7201.8,Male,Current smoker,North,Private,High,Keto
49,52,25.9,2,4,0.8,873.63,0.46,11531.92,Female,Current smoker,West,Medicaid,Low,Standard
50,53,30.6,4,5,0.75,370.63,0.55,5337.07,Female,Former smoker,West,Self-pay,High,Diabetic
51,67,29.4,3,4,0.58,664.96,0.23,9176.45,Female,Current smoker,East,Medicare,Low,Standard
52,21,26.6,0,4,0.53,878.51,0.59,10542.12,Male,Non-smoker,East,Self-pay,High,Diabetic
53,19,22.8,3,3,0.56,649.47,0.39,8962.69,Female,Former smoker,South,Private,Low,Standard
54,23,19.4,0,6,0.61,868.34,0.82,10420.08,Male,Non-smoker,East,Medicare,Low,Vegetarian
55,71,24.8,0,2,0.67,796.65,0.24,9559.8,Male,Current smoker,East,Private,Moderate,Keto
56,21,31.3,0,5,0.69,934.1,0.51,11209.2,Female,Former smoker,North,Self-pay,High,Diabetic
57,71,28.1,4,6,0.67,693.95,0.58,9992.88,Female,Non-smoker,North,Private,High,Standard
58,80,20.8,1,4,0.62,564.96,0.13,7118.5,Female,Current smoker,East,Self-pay,Low,Keto
59,35,27.9,3,2,0.75,1169.53,0.39,16139.51,Male,Non-smoker,South,Private,Low,Standard
60,61,28.9,4,8,0.91,676.08,0.69,9735.55,Female,Non-smoker,North,Self-pay,Low,Keto
61,51,22.6,4,4,0.64,965,0.76,13896,Male,Non-smoker,East,Medicaid,Moderate,Keto
62,79,27.8,4,9,0.97,1158.81,0.35,16686.86,Female,Current smoker,East,Private,Moderate,Standard
63,31,27.3,4,2,0.94,840.67,0.74,12105.65,Female,Current smoker,West,Private,Low,Diabetic
64,65,21.3,4,7,0.58,585.92,0.87,8437.25,Male,Non-smoker,South,Medicaid,High,Diabetic
65,32,28.8,2,4,0.89,755.35,0.79,9970.62,Male,Former smoker,West,Medicaid,High,Vegetarian
66,89,29.8,3,5,0.79,1054.39,0.19,14550.58,Male,Former smoker,South,Private,Moderate,Keto
67,79,32.4,4,6,0.78,851.56,0.69,12262.46,Male,Current smoker,North,Medicaid,Moderate,Vegetarian
68,57,32.3,3,5,0.7,498.71,0.36,6882.2,Male,Current smoker,South,Medicare,Low,Vegetarian
69,70,20.1,2,5,0.75,949.16,0.89,12528.91,Male,Current smoker,East,Self-pay,High,Standard
70,41,22.3,2,4,0.7,992.38,0.49,13099.42,Female,Current smoker,East,Self-pay,Low,Standard
71,43,29.6,3,3,0.77,711.17,0.2,9814.15,Female,Current smoker,South,Self-pay,Moderate,Standard
72,77,29.6,0,2,0.81,952.56,0.68,11430.72,Male,Former smoker,South,Medicare,High,Keto
73,58,29.6,1,6,0.84,861.25,0.36,10851.75,Female,Current smoker,South,Medicaid,High,Standard
74,46,46.3,0,5,0.77,750.64,0.9,9007.68,Male,Non-smoker,West,Medicaid,Moderate,Standard
75,32,29.9,0,4,0.86,476.62,0.88,5719.44,Female,Non-smoker,South,Private,Low,Keto
76,62,32.7,0,6,0.57,1069.49,0.62,12833.88,Female,Former smoker,North,Medicaid,Low,Keto
77,82,31.8,4,4,0.61,989.8,0.2,14253.12,Male,Non-smoker,West,Private,High,Diabetic
78,88,30.3,2,4,0.91,945.97,0.65,12486.8,Male,Former smoker,West,Medicare,Moderate,Standard
79,26,25.4,0,5,0.66,1186.13,0.17,14233.56,Male,Former smoker,South,Self-pay,High,Standard
80,18,30.8,2,1,0.51,1036.3,0.12,13679.16,Female,Non-smoker,North,Self-pay,Moderate,Standard
81,25,23.1,3,1,0.58,971.64,0.76,13408.63,Male,Current smoker,West,Self-pay,Low,Diabetic
82,80,25.8,1,5,0.61,246.69,0.27,3108.29,Female,Non-smoker,East,Medicaid,Moderate,Standard
83,28,24.6,3,5,0.98,1099.22,0.4,15169.24,Male,Non-smoker,West,Private,Low,Diabetic
84,25,27.4,3,6,0.79,820.77,0.88,11326.63,Female,Former smoker,South,Private,Moderate,Vegetarian
85,52,38.6,4,2,0.97,878.12,0.37,12644.93,Female,Non-smoker,North,Medicare,High,Diabetic
86,52,17.7,1,4,0.79,879.83,0.34,11085.86,Male,Former smoker,South,Medicaid,Low,Vegetarian
87,50,30.4,3,2,0.74,993.46,0.83,13709.75,Female,Current smoker,East,Medicare,High,Standard
88,22,18.9,3,3,0.66,1080.54,0.19,14911.45,Female,Current smoker,East,Private,High,Vegetarian
89,58,24.6,1,6,0.8,958.56,0.71,12077.86,Male,Current smoker,East,Private,Low,Diabetic
90,45,32.4,1,7,0.57,918.82,0.89,11577.13,Female,Non-smoker,South,Self-pay,Low,Keto
91,24,27.3,3,7,0.95,857.88,0.82,11838.74,Male,Former smoker,West,Medicaid,High,Vegetarian
92,89,21.6,1,3,0.91,-37.9,0.62,-477.54,Male,Current smoker,South,Private,High,Vegetarian
93,29,23.4,3,0,0.66,728.1,0.35,10047.78,Male,Former smoker,North,Self-pay,High,Standard
94,51,30.4,3,1,0.98,564.6,0.3,7791.48,Male,Former smoker,West,Medicaid,High,Diabetic
95,50,23.3,4,1,0.91,1102.68,0.76,15878.59,Female,Current smoker,East,Medicare,Low,Vegetarian
96,65,28.1,0,3,0.83,954.76,0.8,11457.12,Female,Current smoker,South,Medicaid,Low,Vegetarian
97,40,27.2,3,3,0.56,685.47,0.52,9459.49,Female,Former smoker,East,Medicaid,High,Vegetarian
98,79,23.7,2,5,0.74,710.57,0.3,9379.52,Male,Current smoker,East,Private,Moderate,Vegetarian
99,54,37.7,0,2,0.75,701.5,0.19,8418,Female,Former smoker,North,Private,Moderate,Keto
100,61,30.2,0,4,0.62,697.04,0.17,8364.48,Female,Former smoker,West,Medicaid,Low,Diabetic
101,52,16.9,0,7,0.54,438.86,0.68,5266.32,Male,Current smoker,North,Private,High,Standard
102,82,27.9,4,4,0.89,384.68,0.44,5539.39,Male,Non-smoker,North,Private,High,Standard
103,64,23.7,3,1,0.56,807.26,0.82,11140.19,Female,Current smoker,North,Private,Low,Keto
104,20,31.3,4,4,0.8,1068.83,0.69,15391.15,Male,Non-smoker,East,Self-pay,Moderate,Diabetic
105,18,23,3,4,0.97,665.58,0.25,9185,Male,Former smoker,North,Self-pay,Moderate,Vegetarian
106,22,26.4,4,7,0.94,875.86,0.59,12612.38,Male,Former smoker,North,Medicaid,Moderate,Keto
107,31,29.5,4,5,0.64,983.57,0.45,14163.41,Male,Non-smoker,West,Private,Low,Diabetic
108,44,31.3,2,2,0.93,551.66,0.56,7281.91,Female,Former smoker,West,Self-pay,Moderate,Vegetarian
109,26,21,4,4,0.5,795.01,0.69,11448.14,Male,Non-smoker,North,Medicaid,Low,Keto
110,32,25.3,1,0,0.51,633.37,0.74,7980.46,Male,Non-smoker,West,Private,Low,Diabetic
111,59,24.6,2,2,0.8,1201.53,0.77,15860.2,Male,Former smoker,West,Medicare,High,Standard
112,68,23.7,4,4,0.68,1190.61,0.3,17144.78,Male,Non-smoker,North,Private,Moderate,Standard
113,80,35.8,0,10,0.69,551.91,0.12,6622.92,Male,Current smoker,East,Private,Low,Diabetic
114,69,29,1,2,0.78,896.47,0.69,11295.52,Male,Current smoker,North,Self-pay,Moderate,Standard
115,21,20.7,1,3,0.6,1066.9,0.19,13442.94,Male,Former smoker,West,Medicaid,Moderate,Diabetic
116,40,31.6,1,5,0.61,1012.08,0.35,12752.21,Male,Former smoker,East,Medicaid,High,Vegetarian
117,32,37.6,2,3,0.74,820.39,0.1,10829.15,Female,Non-smoker,South,Self-pay,Moderate,Diabetic
118,60,32.2,4,4,0.88,1126.64,0.65,16223.62,Male,Non-smoker,East,Private,High,Vegetarian
119,46,19.4,4,3,0.81,573.87,0.23,8263.73,Female,Non-smoker,West,Medicare,Low,Keto
120,53,24.6,0,0,0.65,724.23,0.62,8690.76,Male,Non-smoker,East,Private,Moderate,Diabetic
121,30,33.3,0,3,0.72,580.59,0.89,6967.08,Male,Current smoker,North,Private,Low,Keto
122,49,23.5,1,5,0.59,995.62,0.16,12544.81,Male,Current smoker,South,Medicare,Moderate,Standard
123,88,29.2,0,4,0.54,654.34,0.16,7852.08,Male,Former smoker,South,Self-pay,Low,Vegetarian
124,76,30.9,2,3,0.89,757.19,0.37,9994.91,Female,Non-smoker,South,Medicaid,Moderate,Diabetic
125,45,22.4,4,7,0.63,954.42,0.79,13743.65,Male,Non-smoker,West,Self-pay,Moderate,Keto
126,83,26.7,1,4,0.59,974.56,0.27,12279.46,Male,Former smoker,West,Self-pay,Moderate,Vegetarian
127,59,10.8,0,3,0.85,573.22,0.39,6878.64,Female,Non-smoker,South,Private,Moderate,Vegetarian
128,62,21.9,2,6,0.81,1064.16,0.15,14046.91,Female,Non-smoker,East,Medicaid,Moderate,Standard
129,79,25.7,2,3,0.82,913.92,0.71,12063.74,Male,Non-smoker,South,Medicaid,Moderate,Standard
130,74,20.8,0,8,0.61,529.57,0.43,6354.84,Female,Non-smoker,East,Self-pay,Moderate,Vegetarian
131,23,35.2,4,6,0.62,468.07,0.71,6740.21,Female,Non-smoker,East,Medicare,Moderate,Vegetarian
132,45,19.8,0,2,0.61,796.05,0.82,9552.6,Female,Former smoker,West,Self-pay,Moderate,Diabetic
133,45,24.8,1,3,0.59,1012.52,0.29,12757.75,Male,Non-smoker,East,Medicare,Low,Vegetarian
134,61,27.7,0,5,0.83,1018.93,0.75,12227.16,Male,Former smoker,South,Medicaid,High,Diabetic
135,47,34.2,2,0,0.92,889.04,0.15,11735.33,Male,Non-smoker,West,Self-pay,Moderate,Vegetarian
136,79,19.8,0,4,0.86,812.17,0.82,9746.04,Female,Current smoker,North,Private,High,Standard
137,79,32.8,4,4,0.9,927.93,0.62,13362.19,Male,Current smoker,North,Self-pay,Moderate,Diabetic
138,18,27.1,3,5,0.7,586.17,0.8,8089.15,Female,Current smoker,West,Medicaid,Moderate,Keto
139,44,22.1,0,8,0.83,1221.75,0.1,14661,Male,Current smoker,South,Private,Low,Standard
140,79,29.3,4,1,0.68,1218.48,0.24,17546.11,Male,Former smoker,North,Private,Low,Diabetic
141,20,28,4,5,0.76,907.2,0.41,13063.68,Female,Former smoker,North,Medicare,High,Diabetic
142,87,24,2,4,0.74,849.33,0.4,11211.16,Male,Non-smoker,East,Private,Low,Keto
143,89,27.3,4,5,0.59,697.14,0.28,10038.82,Female,Current smoker,East,Private,Low,Diabetic
144,44,25.1,4,6,0.69,932.19,0.41,13423.54,Female,Former smoker,South,Self-pay,High,Vegetarian
145,26,27.6,4,8,0.98,627.17,0.2,9031.25,Male,Non-smoker,West,Medicaid,Low,Keto
146,79,30.3,4,3,0.62,244.1,0.43,3515.04,Female,Non-smoker,South,Medicare,Moderate,Standard
147,54,34.9,1,5,0.57,121.47,0.74,1530.52,Male,Former smoker,West,Self-pay,High,Standard
148,68,20.8,1,6,0.71,600.13,0.48,7561.64,Male,Current smoker,North,Private,High,Vegetarian
149,61,37.7,2,1,0.9,839.09,0.11,11075.99,Female,Non-smoker,East,Private,Moderate,Standard
150,41,17.2,0,4,0.79,882.99,0.44,10595.88,Male,Current smoker,South,Medicare,Low,Diabetic
151,76,26.2,4,3,0.84,678.31,0.12,9767.66,Female,Current smoker,South,Medicaid,High,Diabetic
152,49,29.9,0,7,0.59,835.46,0.87,10025.52,Male,Current smoker,West,Medicare,High,Vegetarian
153,69,28.4,0,4,0.81,731.44,0.2,8777.28,Male,Non-smoker,West,Self-pay,Moderate,Standard
154,79,23.9,2,7,0.66,550.17,0.67,7262.24,Male,Current smoker,South,Medicare,Moderate,Standard
155,75,26,4,5,0.92,786.56,0.88,11326.46,Male,Non-smoker,West,Private,Low,Vegetarian
156,69,24.5,4,5,0.81,1003.24,0.76,14446.66,Male,Current smoker,South,Self-pay,High,Keto
157,29,24.1,3,2,0.6,561.48,0.66,7748.42,Female,Non-smoker,South,Private,Low,Standard
158,56,31.2,0,4,0.53,561.6,0.77,6739.2,Female,Current smoker,South,Medicaid,Low,Keto
159,19,28.8,0,3,0.52,532.69,0.89,6392.28,Female,Former smoker,North,Private,Moderate,Standard
160,20,23.5,1,4,0.69,315.87,0.6,3979.96,Female,Current smoker,West,Private,High,Standard
161,73,31.5,3,5,0.63,679.95,0.55,9383.31,Female,Current smoker,East,Medicare,High,Standard
162,76,28.5,1,5,0.82,978.52,0.6,12329.35,Female,Non-smoker,East,Private,High,Standard
163,19,31.1,1,7,0.75,843.48,0.53,10627.85,Male,Non-smoker,West,Self-pay,Moderate,Diabetic
164,19,30.1,1,2,0.63,757.69,0.61,9546.89,Male,Current smoker,South,Self-pay,Moderate,Keto
165,71,22.9,2,2,0.57,832.27,0.46,10985.96,Female,Former smoker,East,Medicaid,Moderate,Keto
166,18,24.2,2,3,0.56,677.75,0.27,8946.3,Female,Former smoker,East,Self-pay,Moderate,Standard
167,36,30.7,1,3,0.93,313.03,0.2,3944.18,Male,Non-smoker,West,Medicare,Moderate,Standard
168,19,30.1,3,2,0.62,995.93,0.15,13743.83,Male,Former smoker,East,Medicaid,High,Keto
169,70,26.9,0,5,0.83,1067.78,0.31,12813.36,Male,Current smoker,South,Self-pay,Low,Diabetic
170,61,27.6,3,2,0.91,617.96,0.14,8527.85,Female,Non-smoker,West,Medicare,High,Vegetarian
171,49,33.4,4,3,0.81,762.29,0.55,10976.98,Female,Current smoker,South,Self-pay,Low,Vegetarian
172,87,24,2,3,0.93,740.75,0.33,9777.9,Female,Non-smoker,East,Self-pay,Moderate,Keto
173,49,29.7,0,5,0.7,887.82,0.76,10653.84,Male,Non-smoker,East,Private,Low,Standard
174,85,26,0,4,0.98,1222.47,0.16,14669.64,Male,Non-smoker,South,Self-pay,High,Standard
175,72,25.9,4,8,0.57,1089.95,0.28,15695.28,Female,Non-smoker,North,Self-pay,High,Diabetic
176,73,32.5,4,5,0.55,705.77,0.68,10163.09,Female,Former smoker,East,Medicare,Low,Vegetarian
177,34,31.1,1,3,0.83,935.62,0.58,11788.81,Male,Current smoker,North,Medicare,Moderate,Diabetic
178,55,31.1,2,7,0.97,1113.59,0.15,14699.39,Male,Current smoker,East,Private,Moderate,Vegetarian
179,41,33.5,2,5,0.9,902.09,0.8,11907.59,Male,Current smoker,North,Self-pay,High,Keto
180,86,27.1,3,4,0.54,798.83,0.8,11023.85,Male,Non-smoker,North,Private,Low,Vegetarian
181,87,30.4,1,5,0.64,911.5,0.36,11484.9,Female,Former smoker,North,Self-pay,Moderate,Diabetic
182,28,25.4,1,5,0.97,624.18,0.37,7864.67,Male,Current smoker,South,Medicaid,Moderate,Diabetic
183,33,28.6,1,4,0.63,660.68,0.89,8324.57,Male,Former smoker,North,Medicaid,High,Diabetic
184,76,26.3,1,6,0.89,533.99,0.6,6728.27,Male,Non-smoker,North,Private,Moderate,Keto
185,87,27.5,2,5,0.91,876.77,0.53,11573.36,Female,Current smoker,North,Private,Low,Vegetarian
186,20,30,2,5,0.75,767.15,0.77,10126.38,Female,Former smoker,East,Private,High,Vegetarian
187,37,22.9,1,3,0.69,594.22,0.33,7487.17,Male,Non-smoker,North,Medicare,High,Diabetic
188,76,37.5,3,6,0.73,758.96,0.44,10473.65,Male,Former smoker,East,Medicare,Low,Vegetarian
189,53,22,0,4,0.61,917.5,0.31,11010,Male,Current smoker,North,Medicare,High,Standard
190,36,20.9,0,3,0.94,1278.68,0.73,15344.16,Female,Current smoker,North,Private,Moderate,Standard
191,84,32.8,3,1,0.73,1053.02,0.56,14531.68,Female,Non-smoker,South,Self-pay,Moderate,Standard
192,36,31,1,5,0.94,228.96,0.63,2884.9,Female,Non-smoker,East,Medicaid,Low,Vegetarian
193,37,30.1,2,5,0.55,859.83,0.3,11349.76,Male,Non-smoker,North,Private,Moderate,Keto
194,88,30.1,0,6,0.99,1157.33,0.28,13887.96,Female,Former smoker,East,Medicare,Low,Keto
195,69,26.9,4,3,0.72,465.53,0.49,6703.63,Male,Former smoker,East,Medicare,Low,Keto
196,50,22.5,4,3,0.52,937.89,0.69,13505.62,Male,Former smoker,West,Private,Moderate,Keto
197,57,27.4,3,4,0.52,740.84,0.52,10223.59,Male,Non-smoker,South,Private,Low,Standard
198,56,23.6,1,3,0.87,1087.57,0.13,13703.38,Female,Current smoker,South,Medicare,Moderate,Standard
199,18,31.9,0,3,0.83,901.06,0.79,10812.72,Male,Current smoker,South,Self-pay,High,Diabetic
200,28,26.3,1,6,0.9,579,0.15,7295.4,Female,Former smoker,West,Medicare,High,Vegetarian